-- 테이블이 존재하면 삭제
DROP TABLE IF EXISTS plant_check;
DROP TABLE IF EXISTS plant;
DROP TABLE IF EXISTS plant_type;
DROP TABLE IF EXISTS other_plant_type;
DROP TABLE IF EXISTS user;
DROP TABLE IF EXISTS gugun;
DROP TABLE IF EXISTS sido;
DROP TABLE IF EXISTS image;

-- 테이블 생성
CREATE TABLE image
(
    image_id   BIGINT AUTO_INCREMENT PRIMARY KEY,
    image_url  VARCHAR(255),
    created_at TIMESTAMP DEFAULT CURRENT_TIMESTAMP,
    updated_at TIMESTAMP DEFAULT CURRENT_TIMESTAMP ON UPDATE CURRENT_TIMESTAMP
);

CREATE TABLE sido
(
    sido_code INT NOT NULL PRIMARY KEY,
    sido_name VARCHAR(30) DEFAULT NULL
);

CREATE TABLE gugun
(
    gugun_code INT NOT NULL,
    gugun_name VARCHAR(30) DEFAULT NULL,
    sido_code  INT NOT NULL,
    PRIMARY KEY (gugun_code, sido_code),
    FOREIGN KEY (sido_code) REFERENCES sido (sido_code)
);

CREATE TABLE user
(
    user_id      BIGINT AUTO_INCREMENT PRIMARY KEY,
    search_id    VARCHAR(255) NOT NULL,
    email        VARCHAR(255) NOT NULL,
    nickname     VARCHAR(255) NOT NULL,
    password     VARCHAR(255) NOT NULL,
    image_id     BIGINT,
    birth_date   DATE                  DEFAULT NULL,
    is_ad        BOOLEAN               DEFAULT FALSE,
    total_exp    INT          NOT NULL DEFAULT 0,
    profile_info VARCHAR(255) NOT NULL DEFAULT '글을 남겨주세요.',
    source       VARCHAR(255)          DEFAULT NULL,
    chat_auth    INT          NOT NULL DEFAULT 1,
    gender       INT          NOT NULL DEFAULT 1,
    provider_id  VARCHAR(255)          DEFAULT NULL,
    provider     INT                   DEFAULT NULL,
    role         INT          NOT NULL DEFAULT 1,
    state        INT          NOT NULL DEFAULT 1,
    sido_code    INT,
    gugun_code   INT,
    created_at   TIMESTAMP             DEFAULT CURRENT_TIMESTAMP,
    updated_at   TIMESTAMP             DEFAULT CURRENT_TIMESTAMP ON UPDATE CURRENT_TIMESTAMP,
    FOREIGN KEY (image_id) REFERENCES image (image_id),
    FOREIGN KEY (sido_code) REFERENCES sido (sido_code),
    FOREIGN KEY (gugun_code, sido_code) REFERENCES gugun (gugun_code, sido_code)
);

CREATE TABLE plant_type
(
    plant_type_id      BIGINT AUTO_INCREMENT PRIMARY KEY,
    plant_name         VARCHAR(255) DEFAULT '',
    guide              VARCHAR(255) DEFAULT '',
    image_id           BIGINT,
    water_interval     INT          DEFAULT 3,
    repot_interval     INT          DEFAULT 14,
    fertilize_interval INT          DEFAULT 7,
    repot_mid          INT          DEFAULT 3,
    water_mid          INT          DEFAULT 3,
    fertilize_mid      INT          DEFAULT 3,
    created_at         TIMESTAMP    DEFAULT CURRENT_TIMESTAMP,
    updated_at         TIMESTAMP    DEFAULT CURRENT_TIMESTAMP ON UPDATE CURRENT_TIMESTAMP,
    FOREIGN KEY (image_id) REFERENCES image (image_id)
);

CREATE TABLE other_plant_type
(
    other_plant_type_id BIGINT AUTO_INCREMENT PRIMARY KEY,
    plant_name          VARCHAR(255) DEFAULT '',
    created_at          TIMESTAMP    DEFAULT CURRENT_TIMESTAMP,
    updated_at          TIMESTAMP    DEFAULT CURRENT_TIMESTAMP ON UPDATE CURRENT_TIMESTAMP
);

CREATE TABLE plant
(
    plant_id            BIGINT AUTO_INCREMENT PRIMARY KEY,
    user_id             BIGINT,
    image_id            BIGINT,
    plant_type_id       BIGINT,
    other_plant_type_id BIGINT,
    nickname            VARCHAR(255) NOT NULL,
    bio                 TEXT,
    birth_date          DATE         NOT NULL,
    dead_date           DATE,
    has_notified        BOOLEAN      NOT NULL DEFAULT TRUE,
    fixed               INT          NOT NULL DEFAULT 255,
    is_deleted          BOOLEAN      NOT NULL DEFAULT FALSE,
    water_date          DATE,
    fertilize_date      DATE,
    repot_date          DATE,
    created_at          TIMESTAMP             DEFAULT CURRENT_TIMESTAMP,
    updated_at          TIMESTAMP             DEFAULT CURRENT_TIMESTAMP ON UPDATE CURRENT_TIMESTAMP,
    FOREIGN KEY (user_id) REFERENCES user (user_id),
    FOREIGN KEY (image_id) REFERENCES image (image_id),
    FOREIGN KEY (plant_type_id) REFERENCES plant_type (plant_type_id),
    FOREIGN KEY (other_plant_type_id) REFERENCES other_plant_type (other_plant_type_id)
);

CREATE TABLE plant_check
(
    plant_check_id      BIGINT  NOT NULL AUTO_INCREMENT PRIMARY KEY,
    plant_id      BIGINT  NOT NULL,
    is_watered    BOOLEAN,
    is_fertilized BOOLEAN,
    is_repotted   BOOLEAN,
    check_date    DATE NOT NULL COMMENT 'INDEX',
    created_at    TIMESTAMP DEFAULT CURRENT_TIMESTAMP,
    updated_at    TIMESTAMP DEFAULT CURRENT_TIMESTAMP ON UPDATE CURRENT_TIMESTAMP,
    FOREIGN KEY (plant_id) REFERENCES plant (plant_id),
    INDEX idx_check_date (check_date)
);

-- 데이터 삽입
INSERT INTO image (image_url)
VALUES ('testURL');

INSERT INTO sido (sido_code, sido_name)
VALUES (1, '서울'),
       (2, '인천'),
       (3, '대전'),
       (4, '대구'),
       (5, '광주'),
       (6, '부산'),
       (7, '울산'),
       (8, '세종특별자치시'),
       (31, '경기도'),
       (32, '강원도'),
       (33, '충청북도'),
       (34, '충청남도'),
       (35, '경상북도'),
       (36, '경상남도'),
       (37, '전라북도'),
       (38, '전라남도'),
       (39, '제주도');

INSERT INTO gugun (gugun_code, gugun_name, sido_code)
VALUES (1, '강남구', 1),
       (1, '강화군', 2),
       (1, '대덕구', 3),
       (1, '남구', 4),
       (1, '광산구', 5),
       (1, '강서구', 6),
       (1, '중구', 7),
       (1, '세종특별자치시', 8),
       (1, '가평군', 31),
       (1, '강릉시', 32),
       (1, '괴산군', 33),
       (1, '공주시', 34),
       (1, '경산시', 35),
       (1, '거제시', 36),
       (1, '고창군', 37),
       (1, '강진군', 38),
       (1, '남제주군', 39),
       (2, '강동구', 1),
       (2, '계양구', 2),
       (2, '동구', 3),
       (2, '달서구', 4),
       (2, '남구', 5),
       (2, '금정구', 6),
       (2, '남구', 7),
       (2, '고양시', 31),
       (2, '고성군', 32),
       (2, '단양군', 33),
       (2, '금산군', 34),
       (2, '경주시', 35),
       (2, '거창군', 36),
       (2, '군산시', 37),
       (2, '고흥군', 38),
       (2, '북제주군', 39),
       (3, '강북구', 1),
       (3, '미추홀구', 2),
       (3, '서구', 3),
       (3, '달성군', 4),
       (3, '동구', 5),
       (3, '기장군', 6),
       (3, '동구', 7),
       (3, '과천시', 31),
       (3, '동해시', 32),
       (3, '보은군', 33),
       (3, '논산시', 34),
       (3, '고령군', 35),
       (3, '고성군', 36),
       (3, '김제시', 37),
       (3, '곡성군', 38),
       (3, '서귀포시', 39),
       (4, '강서구', 1),
       (4, '남동구', 2),
       (4, '유성구', 3),
       (4, '동구', 4),
       (4, '북구', 5),
       (4, '남구', 6),
       (4, '북구', 7),
       (4, '광명시', 31),
       (4, '삼척시', 32),
       (4, '영동군', 33),
       (4, '당진시', 34),
       (4, '구미시', 35),
       (4, '김해시', 36),
       (4, '남원시', 37),
       (4, '광양시', 38),
       (4, '제주시', 39),
       (5, '관악구', 1),
       (5, '동구', 2),
       (5, '중구', 3),
       (5, '북구', 4),
       (5, '서구', 5),
       (5, '동구', 6),
       (5, '울주군', 7),
       (5, '광주시', 31),
       (5, '속초시', 32),
       (5, '옥천군', 33),
       (5, '보령시', 34),
       (5, '군위군', 35),
       (5, '남해군', 36),
       (5, '무주군', 37),
       (5, '구례군', 38),
       (6, '광진구', 1),
       (6, '부평구', 2),
       (6, '서구', 4),
       (6, '동래구', 6),
       (6, '구리시', 31),
       (6, '양구군', 32),
       (6, '음성군', 33),
       (6, '부여군', 34),
       (6, '김천시', 35),
       (6, '마산시', 36),
       (6, '부안군', 37),
       (6, '나주시', 38),
       (7, '구로구', 1),
       (7, '서구', 2),
       (7, '수성구', 4),
       (7, '부산진구', 6),
       (7, '군포시', 31),
       (7, '양양군', 32),
       (7, '제천시', 33),
       (7, '서산시', 34),
       (7, '문경시', 35),
       (7, '밀양시', 36),
       (7, '순창군', 37),
       (7, '담양군', 38),
       (8, '금천구', 1),
       (8, '연수구', 2),
       (8, '중구', 4),
       (8, '북구', 6),
       (8, '김포시', 31),
       (8, '영월군', 32),
       (8, '진천군', 33),
       (8, '서천군', 34),
       (8, '봉화군', 35),
       (8, '사천시', 36),
       (8, '완주군', 37),
       (8, '목포시', 38),
       (9, '노원구', 1),
       (9, '옹진군', 2),
       (9, '사상구', 6),
       (9, '남양주시', 31),
       (9, '원주시', 32),
       (9, '청원군', 33),
       (9, '아산시', 34),
       (9, '상주시', 35),
       (9, '산청군', 36),
       (9, '익산시', 37),
       (9, '무안군', 38),
       (10, '도봉구', 1),
       (10, '중구', 2),
       (10, '사하구', 6),
       (10, '동두천시', 31),
       (10, '인제군', 32),
       (10, '청주시', 33),
       (10, '성주군', 35),
       (10, '양산시', 36),
       (10, '임실군', 37),
       (10, '보성군', 38),
       (11, '동대문구', 1),
       (11, '서구', 6),
       (11, '부천시', 31),
       (11, '정선군', 32),
       (11, '충주시', 33),
       (11, '예산군', 34),
       (11, '안동시', 35),
       (11, '장수군', 37),
       (11, '순천시', 38),
       (12, '동작구', 1),
       (12, '수영구', 6),
       (12, '성남시', 31),
       (12, '철원군', 32),
       (12, '증평군', 33),
       (12, '천안시', 34),
       (12, '영덕군', 35),
       (12, '의령군', 36),
       (12, '전주시', 37),
       (12, '신안군', 38),
       (13, '마포구', 1),
       (13, '연제구', 6),
       (13, '수원시', 31),
       (13, '춘천시', 32),
       (13, '청양군', 34),
       (13, '영양군', 35),
       (13, '진주시', 36),
       (13, '정읍시', 37),
       (13, '여수시', 38),
       (14, '서대문구', 1),
       (14, '영도구', 6),
       (14, '시흥시', 31),
       (14, '태백시', 32),
       (14, '태안군', 34),
       (14, '영주시', 35),
       (14, '진해시', 36),
       (14, '진안군', 37),
       (15, '서초구', 1),
       (15, '중구', 6),
       (15, '안산시', 31),
       (15, '평창군', 32),
       (15, '홍성군', 34),
       (15, '영천시', 35),
       (15, '창녕군', 36),
       (16, '성동구', 1),
       (16, '해운대구', 6),
       (16, '안성시', 31),
       (16, '홍천군', 32),
       (16, '계룡시', 34),
       (16, '예천군', 35),
       (16, '창원시', 36),
       (16, '영광군', 38),
       (17, '성북구', 1),
       (17, '안양시', 31),
       (17, '화천군', 32),
       (17, '울릉군', 35),
       (17, '통영시', 36),
       (17, '영암군', 38),
       (18, '송파구', 1),
       (18, '양주시', 31),
       (18, '횡성군', 32),
       (18, '울진군', 35),
       (18, '하동군', 36),
       (18, '완도군', 38),
       (19, '양천구', 1),
       (19, '양평군', 31),
       (19, '의성군', 35),
       (19, '함안군', 36),
       (19, '장성군', 38),
       (20, '영등포구', 1),
       (20, '여주시', 31),
       (20, '청도군', 35),
       (20, '함양군', 36),
       (20, '장흥군', 38),
       (21, '용산구', 1),
       (21, '연천군', 31),
       (21, '청송군', 35),
       (21, '합천군', 36),
       (21, '진도군', 38),
       (22, '은평구', 1),
       (22, '오산시', 31),
       (22, '칠곡군', 35),
       (22, '함평군', 38),
       (23, '종로구', 1),
       (23, '용인시', 31),
       (23, '포항시', 35),
       (23, '해남군', 38),
       (24, '중구', 1),
       (24, '의왕시', 31),
       (24, '화순군', 38),
       (25, '중랑구', 1),
       (25, '의정부시', 31),
       (26, '이천시', 31),
       (27, '파주시', 31),
       (28, '평택시', 31),
       (29, '포천시', 31),
       (30, '하남시', 31),
       (31, '화성시', 31);

INSERT INTO plant_type (plant_name)
VALUES ('Dummy');

INSERT INTO other_plant_type (plant_name)
VALUES ('Dummy');

INSERT INTO plant_type (plant_name, guide, water_interval, repot_interval, fertilize_interval, repot_mid, water_mid,
                        fertilize_mid, image_id)
VALUES ('페이토니아', '자주 물을 줘야 하는 식물입니다.', 7, 30, 60, 15, 20, 30, 1),
       ('스파티필름', '햇볕을 좋아하며 습도가 높아야 합니다.', 10, 45, 30, 20, 30, 40, 1),
       ('산세베리아', '강한 햇볕에서도 잘 자라는 식물입니다.', 14, 60, 90, 30, 50, 70, 1),
       ('알로에', '건조한 환경을 잘 견딥니다.', 21, 60, 120, 40, 60, 80, 1),
       ('아이비', '그늘에서도 잘 자라는 식물입니다.', 7, 30, 60, 10, 20, 30, 1),
       ('몬스테라', '강한 햇볕을 좋아하며 자주 물을 줘야 합니다.', 10, 45, 60, 20, 30, 40, 1),
       ('필로덴드론', '온도가 높은 환경에서 잘 자랍니다.', 14, 30, 90, 25, 40, 55, 1),
       ('드라세나', '물빠짐이 좋은 흙에서 잘 자랍니다.', 21, 60, 120, 35, 50, 70, 1),
       ('제라늄', '햇볕이 잘 드는 곳에서 자랍니다.', 10, 45, 60, 20, 30, 40, 1),
       ('다육식물', '건조한 환경을 좋아하며 물주기가 드뭅니다.', 30, 90, 180, 40, 60, 80, 1),
       ('커피나무', '실내에서 잘 자라며 정기적인 물주기가 필요합니다.', 14, 45, 90, 20, 30, 40, 1),
       ('파키라', '강한 햇볕과 습도를 좋아합니다.', 7, 30, 60, 15, 25, 35, 1),
       ('벵갈고무나무', '습도와 햇볕을 좋아하며, 자주 물을 줘야 합니다.', 10, 45, 90, 20, 30, 40, 1),
       ('칼라디움', '온도와 습도가 높은 환경을 좋아합니다.', 7, 30, 60, 15, 25, 35, 1),
       ('포인세티아', '겨울철에 잘 자라며 정기적인 물주기가 필요합니다.', 14, 30, 60, 20, 30, 40, 1),
       ('루비', '햇볕이 잘 드는 곳에서 자라며 자주 물을 줍니다.', 10, 45, 90, 25, 35, 45, 1),
       ('송악', '건조한 환경에서도 잘 자라는 식물입니다.', 21, 60, 120, 30, 50, 70, 1),
       ('잎새', '그늘에서도 잘 자라며 정기적인 물주기가 필요합니다.', 14, 30, 60, 20, 30, 40, 1),
       ('오렌지나무', '햇볕과 온도가 높은 환경을 좋아합니다.', 10, 45, 90, 25, 35, 45, 1),
       ('파피루스', '물빠짐이 좋은 흙에서 자랍니다.', 7, 30, 60, 15, 25, 35, 1),
       ('비너스의 입', '습도와 온도가 높은 환경을 좋아합니다.', 10, 45, 90, 20, 30, 40, 1);

